title,description,launchdate,showtimes
Movie Title 1, This is a description for movie 1. It is an exciting story full of twists and turns., 2024-12-01T01:21:32.464Z, [10:00 AM]  
Movie Title 2, This is a description for movie 2. It is an exciting story full of twists and turns., 2024-12-02T01:21:32.464Z, [11:30 AM]  
Movie Title 3, This is a description for movie 3. It is an exciting story full of twists and turns., 2024-12-03T01:21:32.464Z, [9:00 AM]  
Movie Title 4, This is a description for movie 4. It is an exciting story full of twists and turns., 2024-12-04T01:21:32.464Z, [11:00 AM]  
Movie Title 5, This is a description for movie 5. It is an exciting story full of twists and turns., 2024-12-05T01:21:32.464Z, [10:30 AM]  
Movie Title 6, This is a description for movie 6. It is an exciting story full of twists and turns., 2024-12-06T01:21:32.464Z, [10:00 AM]  
Movie Title 7, This is a description for movie 7. It is an exciting story full of twists and turns., 2024-12-07T01:21:32.464Z, [12:00 PM]  
Movie Title 8, This is a description for movie 8. It is an exciting story full of twists and turns., 2024-12-08T01:21:32.464Z, [9:30 AM]  
Movie Title 9, This is a description for movie 9. It is an exciting story full of twists and turns., 2024-12-09T01:21:32.464Z, [10:00 AM]  
Movie Title 10, This is a description for movie 10. It is an exciting story full of twists and turns., 2024-12-10T01:21:32.464Z, [11:30 AM]  
Movie Title 11, This is a description for movie 11. It is an exciting story full of twists and turns., 2024-12-11T01:21:32.464Z, [9:00 AM]  
Movie Title 12, This is a description for movie 12. It is an exciting story full of twists and turns., 2024-12-12T01:21:32.464Z, [10:30 AM]  
Movie Title 13, This is a description for movie 13. It is an exciting story full of twists and turns., 2024-12-13T01:21:32.464Z, [12:00 PM]  
Movie Title 14, This is a description for movie 14. It is an exciting story full of twists and turns., 2024-12-14T01:21:32.464Z, [9:00 AM]  
Movie Title 15, This is a description for movie 15. It is an exciting story full of twists and turns., 2024-12-15T01:21:32.464Z, [11:00 AM]  
Movie Title 16, This is a description for movie 16. It is an exciting story full of twists and turns., 2024-12-16T01:21:32.464Z, [10:00 AM]  
Movie Title 17, This is a description for movie 17. It is an exciting story full of twists and turns., 2024-12-17T01:21:32.464Z, [9:30 AM]  
Movie Title 18, This is a description for movie 18. It is an exciting story full of twists and turns., 2024-12-18T01:21:32.464Z, [10:00 AM]  
Movie Title 19, This is a description for movie 19. It is an exciting story full of twists and turns., 2024-12-19T01:21:32.464Z, [11:30 AM]  
Movie Title 20, This is a description for movie 20. It is an exciting story full of twists and turns., 2024-12-20T01:21:32.464Z, [9:00 AM]  
Movie Title 21, This is a description for movie 21. It is an exciting story full of twists and turns., 2024-12-21T01:21:32.464Z, [10:30 AM]  
Movie Title 22, This is a description for movie 22. It is an exciting story full of twists and turns., 2024-12-22T01:21:32.464Z, [12:00 PM]  
Movie Title 23, This is a description for movie 23. It is an exciting story full of twists and turns., 2024-12-23T01:21:32.464Z, [9:00 AM]  
Movie Title 24, This is a description for movie 24. It is an exciting story full of twists and turns., 2024-12-24T01:21:32.464Z, [11:00 AM]  
Movie Title 25, This is a description for movie 25. It is an exciting story full of twists and turns., 2024-12-25T01:21:32.464Z, [10:00 AM]  
Movie Title 26, This is a description for movie 26. It is an exciting story full of twists and turns., 2024-12-26T01:21:32.464Z, [9:30 AM]  
Movie Title 27, This is a description for movie 27. It is an exciting story full of twists and turns., 2024-12-27T01:21:32.464Z, [10:00 AM]  
Movie Title 28, This is a description for movie 28. It is an exciting story full of twists and turns., 2024-12-28T01:21:32.464Z, [11:30 AM]  
Movie Title 29, This is a description for movie 29. It is an exciting story full of twists and turns., 2024-12-29T01:21:32.464Z, [9:00 AM]  
Movie Title 30, This is a description for movie 30. It is an exciting story full of twists and turns., 2024-12-30T01:21:32.464Z, [10:30 AM]  
Movie Title 31, This is a description for movie 31. It is an exciting story full of twists and turns., 2024-12-31T01:21:32.464Z, [12:00 PM]  
Movie Title 32, This is a description for movie 32. It is an exciting story full of twists and turns., 2025-01-01T01:21:32.464Z, [9:30 AM]  
Movie Title 33, This is a description for movie 33. It is an exciting story full of twists and turns., 2025-01-02T01:21:32.464Z, [11:00 AM]  
Movie Title 34, This is a description for movie 34. It is an exciting story full of twists and turns., 2025-01-03T01:21:32.464Z, [10:00 AM]  
Movie Title 35, This is a description for movie 35. It is an exciting story full of twists and turns., 2025-01-04T01:21:32.464Z, [11:30 AM]  
Movie Title 36, This is a description for movie 36. It is an exciting story full of twists and turns., 2025-01-05T01:21:32.464Z, [9:00 AM]  
Movie Title 37, This is a description for movie 37. It is an exciting story full of twists and turns., 2025-01-06T01:21:32.464Z, [12:00 PM]  
Movie Title 38, This is a description for movie 38. It is an exciting story full of twists and turns., 2025-01-07T01:21:32.464Z, [9:00 AM]  
Movie Title 39, This is a description for movie 39. It is an exciting story full of twists and turns., 2025-01-08T01:21:32.464Z, [10:30 AM]  
Movie Title 40, This is a description for movie 40. It is an exciting story full of twists and turns., 2025-01-09T01:21:32.464Z, [11:30 AM]  
Movie Title 41, This is a description for movie 41. It is an exciting story full of twists and turns., 2025-01-10T01:21:32.464Z, [9:00 AM]  
Movie Title 42, This is a description for movie 42. It is an exciting story full of twists and turns., 2025-01-11T01:21:32.464Z, [10:00 AM]  
Movie Title 43, This is a description for movie 43. It is an exciting story full of twists and turns., 2025-01-12T01:21:32.464Z, [11:00 AM]  
Movie Title 44, This is a description for movie 44. It is an exciting story full of twists and turns., 2025-01-13T01:21:32.464Z, [9:30 AM]  
Movie Title 45, This is a description for movie 45. It is an exciting story full of twists and turns., 2025-01-14T01:21:32.464Z, [12:00 PM]  
Movie Title 46, This is a description for movie 46. It is an exciting story full of twists and turns., 2025-01-15T01:21:32.464Z, [9:00 AM]  
Movie Title 47, This is a description for movie 47. It is an exciting story full of twists and turns., 2025-01-16T01:21:32.464Z, [10:30 AM]  
Movie Title 48, This is a description for movie 48. It is an exciting story full of twists and turns., 2025-01-17T01:21:32.464Z, [11:30 AM]  
Movie Title 49, This is a description for movie 49. It is an exciting story full of twists and turns., 2025-01-18T01:21:32.464Z, [9:30 AM]  
Movie Title 50, This is a description for movie 50. It is an exciting story full of twists and turns., 2025-01-19T01:21:32.464Z, [10:00 AM]  